to,from
2020 in birding and ornithology,Central Park birdwatching incident
2020 in birding and ornithology,Black Birders Week
Ahmaud Arbery,Killing of Ahmaud Arbery
American Birding Association,National Audubon Society
Anna Gifty OpokuAgyeman,Black Birders Week
Bird Names for Birds,Central Park birdwatching incident
Bird Names for Birds,American Bird Conservancy
Bird Names for Birds,Black Birders Week
Birdwatching,National Audubon Society
Birdwatching,The Guardian
Birdwatching,American Birding Association
Black Birders Week,Corina Newsome
Black Birders Week,Central Park birdwatching incident
Black Birders Week,National Audubon Society
Black Birders Week,George Floyd
Black Birders Week,The Guardian
Black Birders Week,Earyn McGee
Black Birders Week,Forbes
Black Birders Week,NPR
Black Birders Week,National Geographic
Black Birders Week,Scientific American
Black Birders Week,Twitter
Black Birders Week,Breonna Taylor
Black Birders Week,Science journal
Black Birders Week,Police brutality in the United States
Black Birders Week,CNN
Black Birders Week,American Birding Association
Black Birders Week,Instagram
Black Birders Week,Hashtag
Black Birders Week,American Bird Conservancy
Black Birders Week,Audubon magazine
Black Birders Week,National Wildlife Refuge
Black Birders Week,National Park Service
Black Birders Week,California Coastal Commission
Black Birders Week,National Wildlife Federation
Black Birders Week,Ahmaud Arbery
Black Birders Week,Anna Gifty OpokuAgyeman
Black Birders Week,Backpacker magazine
Black Birders Week,Bird Watching magazine
Black Birders Week,Birders
Black Birders Week,Birds of North America TV series
Black Birders Week,Ecological Society of America
Black Birders Week,J Drew Lanham
Black Birders Week,Jason Ward naturalist
Black Birders Week,Naturalists
Black Birders Week,North American Association for Environmental Education
Black Birders Week,Orion magazine
Black Birders Week,Science Publishing Group
Black Birders Week,"Science, technology, engineering, and mathematics"
Black Birders Week,Sierra Club
Black Birders Week,Smithsonian magazine
Central Park birdwatching incident,Christian Cooper
Central Park birdwatching incident,Killing of Ahmaud Arbery
Central Park birdwatching incident,Shooting of Breonna Taylor
Central Park birdwatching incident,Twitter
Central Park birdwatching incident,Police brutality in the United States
Central Park birdwatching incident,Black Birders Week
Christian Cooper,Central Park birdwatching incident
Christian Cooper,National Audubon Society
Christian Cooper,Black Birders Week
Corina Newsome,Malone University
Corina Newsome,Christian Cooper
Corina Newsome,Earyn McGee
Corina Newsome,National Audubon Society
Corina Newsome,Forbes
Corina Newsome,NPR
Corina Newsome,National Geographic
Corina Newsome,Scientific American
Corina Newsome,Twitter
Corina Newsome,Black Birders Week
Earyn McGee,Christian Cooper
Earyn McGee,Corina Newsome
Earyn McGee,Central Park birdwatching incident
Earyn McGee,National Audubon Society
Earyn McGee,George Floyd
Earyn McGee,Twitter
Earyn McGee,Breonna Taylor
Earyn McGee,Science journal
Earyn McGee,Black Birders Week
George Floyd,The Guardian
George Floyd,Police brutality in the United States
George Floyd,CNN
Hashtag,The Guardian
Hashtag,Twitter
Hashtag,Instagram
Instagram,The Guardian
Instagram,Forbes
Instagram,Twitter
Instagram,CNN
Instagram,Hashtag
Jason Ward naturalist,Black Birders Week
Killing of Ahmaud Arbery,George Floyd
Killing of Ahmaud Arbery,The Guardian
Killing of Ahmaud Arbery,NPR
Killing of Ahmaud Arbery,Twitter
Killing of Ahmaud Arbery,Police brutality in the United States
Killing of Ahmaud Arbery,CNN
List of name changes due to the George Floyd protests,Bird Names for Birds
List of name changes due to the George Floyd protests,Killing of Ahmaud Arbery
List of name changes due to the George Floyd protests,Shooting of Breonna Taylor
List of name changes due to the George Floyd protests,George Floyd
List of name changes due to the George Floyd protests,The Guardian
List of name changes due to the George Floyd protests,Police brutality in the United States
List of name changes due to the George Floyd protests,CNN
List of name changes due to the George Floyd protests,Black Birders Week
Malone University,Corina Newsome
Malone University,Black Birders Week
National Audubon Society,American Bird Conservancy
National Audubon Society,Audubon magazine
National Audubon Society,National Wildlife Refuge
National Wildlife Refuge,National Park Service
NPR,The Guardian
NPR,Twitter
NPR,CNN
Police brutality in the United States,George Floyd
Police brutality in the United States,The Guardian
Racial bias on Wikipedia,George Floyd
Racial bias on Wikipedia,The Guardian
Racial bias on Wikipedia,Black Birders Week
Scientific journal,Science journal
Shooting of Breonna Taylor,George Floyd
Shooting of Breonna Taylor,The Guardian
Shooting of Breonna Taylor,Twitter
Shooting of Breonna Taylor,Breonna Taylor
Shooting of Breonna Taylor,Police brutality in the United States
Shooting of Breonna Taylor,CNN
Sierra Club,National Audubon Society
Sierra Club,National Park Service
Sierra Club,California Coastal Commission
Sierra Club,National Wildlife Federation
TemplateDid you know nominationsBlack Birders Week,Corina Newsome
TemplateDid you know nominationsBlack Birders Week,Earyn McGee
TemplateDid you know nominationsBlack Birders Week,Black Birders Week
Thickbilled longspur,Central Park birdwatching incident
Thickbilled longspur,Black Birders Week
Timeline of African American history,Central Park birdwatching incident
Timeline of African American history,Shooting of Breonna Taylor
Timeline of African American history,Black Birders Week
Wikipedia talkCategories for discussionLog2020 June 7,Corina Newsome
Wikipedia talkCategories for discussionLog2020 June 7,Earyn McGee
Wikipedia talkCategories for discussionLog2020 June 7,Black Birders Week
Wikipedia talkNotability academicsArchive 12,Corina Newsome
Wikipedia talkNotability academicsArchive 12,Earyn McGee
Wikipedia talkNotability academicsArchive 12,Black Birders Week